gene,s1,s2,s3
gene1,16.78212857754316,17.148360872565185,16.523548816933815
gene2,18.991095169481774,18.809617799632594,19.15892216173183
gene3,13.37308115510139,14.41410066271046,13.37308115510139
gene4,18.273581449732045,18.151396508580266,18.209915102525038
gene5,15.911926005294278,16.444117604999228,16.16167818011709
