sample,mahalanobis_d2
s1,1.3333313595049012
s2,1.3333327918592708
s3,1.3333312939757698
